{
    "hyperparameters": {
        "HASH_SIZE": 512,
        "NGRAM_SIZE": 3,
        "NUM_DETECTORS": 2000,
        "R_CONTIGUOUS": 15,
        "SEED": 93
    },
    "training_info": {
        "training_time_seconds": 290.19,
        "acceptance_rate": 5.757715338553663
    },
    "detector_validation_stats": {
        "average_matches_per_ham_message": 0.9834,
        "average_matches_per_spam_message": 4.7078
    },
    "evaluation_by_threshold": {
        "threshold_1": {
            "confusion_matrix": {
                "tp": 349,
                "fp": 373,
                "tn": 593,
                "fn": 24
            },
            "spam_metrics": {
                "precision": 0.48337950138504154,
                "recall": 0.935656836461126,
                "f1_score": 0.6374429223744292
            },
            "ham_metrics": {
                "false_positive_rate": 0.386128364389234
            }
        },
        "threshold_2": {
            "confusion_matrix": {
                "tp": 326,
                "fp": 208,
                "tn": 758,
                "fn": 47
            },
            "spam_metrics": {
                "precision": 0.6104868913857678,
                "recall": 0.8739946380697051,
                "f1_score": 0.7188533627342889
            },
            "ham_metrics": {
                "false_positive_rate": 0.2153209109730849
            }
        },
        "threshold_3": {
            "confusion_matrix": {
                "tp": 275,
                "fp": 134,
                "tn": 832,
                "fn": 98
            },
            "spam_metrics": {
                "precision": 0.6723716381418093,
                "recall": 0.7372654155495979,
                "f1_score": 0.7033248081841432
            },
            "ham_metrics": {
                "false_positive_rate": 0.13871635610766045
            }
        },
        "threshold_5": {
            "confusion_matrix": {
                "tp": 172,
                "fp": 55,
                "tn": 911,
                "fn": 201
            },
            "spam_metrics": {
                "precision": 0.7577092511013216,
                "recall": 0.46112600536193027,
                "f1_score": 0.5733333333333333
            },
            "ham_metrics": {
                "false_positive_rate": 0.056935817805383024
            }
        },
        "threshold_8": {
            "confusion_matrix": {
                "tp": 65,
                "fp": 13,
                "tn": 953,
                "fn": 308
            },
            "spam_metrics": {
                "precision": 0.8333333333333334,
                "recall": 0.1742627345844504,
                "f1_score": 0.28824833702882485
            },
            "ham_metrics": {
                "false_positive_rate": 0.013457556935817806
            }
        },
        "threshold_10": {
            "confusion_matrix": {
                "tp": 23,
                "fp": 6,
                "tn": 960,
                "fn": 350
            },
            "spam_metrics": {
                "precision": 0.7931034482758621,
                "recall": 0.06166219839142091,
                "f1_score": 0.1144278606965174
            },
            "ham_metrics": {
                "false_positive_rate": 0.006211180124223602
            }
        }
    }
}