{
    "hyperparameters": {
        "HASH_SIZE": 512,
        "NGRAM_SIZE": 3,
        "NUM_DETECTORS": 2000,
        "R_CONTIGUOUS": 14,
        "SEED": 93
    },
    "training_info": {
        "training_time_seconds": 1021.92,
        "acceptance_rate": 0.8711446405003854
    },
    "detector_validation_stats": {
        "average_matches_per_ham_message": 1.6497,
        "average_matches_per_spam_message": 7.5523
    },
    "evaluation_by_threshold": {
        "threshold_1": {
            "confusion_matrix": {
                "tp": 362,
                "fp": 431,
                "tn": 535,
                "fn": 11
            },
            "spam_metrics": {
                "precision": 0.45649432534678436,
                "recall": 0.9705093833780161,
                "f1_score": 0.620926243567753
            },
            "ham_metrics": {
                "false_positive_rate": 0.44616977225672877
            }
        },
        "threshold_2": {
            "confusion_matrix": {
                "tp": 351,
                "fp": 270,
                "tn": 696,
                "fn": 22
            },
            "spam_metrics": {
                "precision": 0.5652173913043478,
                "recall": 0.9410187667560321,
                "f1_score": 0.7062374245472837
            },
            "ham_metrics": {
                "false_positive_rate": 0.2795031055900621
            }
        },
        "threshold_3": {
            "confusion_matrix": {
                "tp": 333,
                "fp": 197,
                "tn": 769,
                "fn": 40
            },
            "spam_metrics": {
                "precision": 0.6283018867924528,
                "recall": 0.8927613941018767,
                "f1_score": 0.7375415282392027
            },
            "ham_metrics": {
                "false_positive_rate": 0.2039337474120083
            }
        },
        "threshold_5": {
            "confusion_matrix": {
                "tp": 288,
                "fp": 90,
                "tn": 876,
                "fn": 85
            },
            "spam_metrics": {
                "precision": 0.7619047619047619,
                "recall": 0.7721179624664879,
                "f1_score": 0.7669773635153128
            },
            "ham_metrics": {
                "false_positive_rate": 0.09316770186335403
            }
        },
        "threshold_8": {
            "confusion_matrix": {
                "tp": 184,
                "fp": 34,
                "tn": 932,
                "fn": 189
            },
            "spam_metrics": {
                "precision": 0.8440366972477065,
                "recall": 0.4932975871313673,
                "f1_score": 0.6226734348561759
            },
            "ham_metrics": {
                "false_positive_rate": 0.035196687370600416
            }
        },
        "threshold_10": {
            "confusion_matrix": {
                "tp": 112,
                "fp": 18,
                "tn": 948,
                "fn": 261
            },
            "spam_metrics": {
                "precision": 0.8615384615384616,
                "recall": 0.3002680965147453,
                "f1_score": 0.4453280318091451
            },
            "ham_metrics": {
                "false_positive_rate": 0.018633540372670808
            }
        }
    }
}